Australia,au
Japan,jp
Israel,il
Hong Kong,hk
Indonesia,id
Malaysia,my
New Zealand,nz
Philippines,ph
Singapore,sg
Taiwan,tw
Thailand,th
Vietnam,vn
Austria,at
Belgium,be
Czech Republic,cz
Denmark,dk
Estonia,ee
Finland,fi
France,fr
Germany,de
Greece,gr
Hungary,hu
Iceland,is
Ireland,ie
Italy,it
Latvia,lv
Lithuania,lt
Netherlands,nl
Norway,no
Poland,pl
Portugal,pt
Romania,ro
Slovakia,sk
Spain,es
Sweden,se
Switzerland,ch
Turkey,tr
United Kingdom,gb
Argentina,ar
Bolivia,bo
Brazil,br
Chile,cl
Colombia,co
Costa Rica,cr
Dominican Republic,do
Ecuador,ec
El Salvador,sv
Guatemala,gt
Honduras,hn
Mexico,mx
Nicaragua,ni
Panama,pa
Paraguay,py
Peru,pe
Uruguay,uy
Canada,ca
United States,us